{"cameraMode":{"drawMode":0,"name":"Shaded","section":"Shading Mode"},"sceneLighting":true,"audioPlay":false,"sceneViewState":{"showFog":false,"showMaterialUpdate":false,"showSkybox":false,"showFlares":false,"showImageEffects":false,"showParticleSystems":false},"in2DMode":false,"pivot":{"x":3.68603515625,"y":-4.570354461669922,"z":9.092734336853028},"rotation":{"x":-0.3027777373790741,"y":-0.12759371101856233,"z":0.0409541055560112,"w":-0.9435932636260986},"size":39.94861602783203,"orthographic":false}